COUNTRY,CODE,YEAR,Import+Exports/GDP,GDP Growth,Inflation,Democracy Scale,Autocracy Scale,Per Capita GDP in 1995 USD,Percentage of Urban Population,Value Added of Manufacturing Sector (%GDP),Capital Openness,GDP per Capita in PPP values,Age Dependency Ratio,% of Population over 65,Real Exchange Rate,Social Expenditures as % of GDP,Social Exp. As a Percent of Public Spending,Per Capita Social Expenditures,Social Security Exp/GDP,Social Sec. Exp./Public Spending,Per-capita Social Security Exp.,Health and Educ/ GDP,Health and Education/Public Spending,Per Capita Health and Education ,Popularly-based Governments
ARGENTINA73,1,1973,13.3221,2.984,61.24,6,0,7844.648,79.78,34.33405,42,4014,57.746,7.327803,0.8936822,11.42857,50,672.3984,5.714286,33.33333,448.2656,2.857143,16.66667,224.1328,0
ARGENTINA74,1,1974,13.1916,5.4,23.4749,6,0,8115.477,80.24,34.03688,42,4154,57.9886,7.454409,0.8036519,12.2449,40,662.4879,6.122449,30,496.8659,2.040816,10,165.622,1
ARGENTINA75,1,1975,11.8027,-0.2,182.9264,6,0,7984.952,80.7,38.21511,42.3,4117,58.2321,7.581102,2.267481,12.58741,40.74074,614.2271,4.895105,25.92593,390.8718,2.797203,14.81481,223.3553,1
ARGENTINA76,1,1976,15.0969,-1.1,443.9643,0,9,7784.586,81.14,39.11675,42,4530,59.1568,7.686796,1.687307,8.695652,36.06557,451.2803,3.689065,22.95082,287.1784,2.108037,13.11475,164.1019,0
ARGENTINA77,1,1977,16.9423,6.9,176.0026,0,9,8188.496,81.58,36.59497,42,4608,60.0921,7.792665,1.89599,8.600096,39.93056,449.9174,3.726708,27.08333,305.1613,1.767797,12.84722,144.756,0
ARGENTINA78,1,1978,14.3238,-4.36,175.515,0,9,7701.403,82.02,34.1276,60,5627,61.0381,7.898712,1.445349,11.53993,46.90909,569.4388,5.292319,33.57576,407.5828,2.101643,13.33333,161.856,0
ARGENTINA79,1,1979,12.8407,8.89,159.5078,0,9,8274.682,82.46,32.68515,70,6429,61.995,8.004934,1.026389,11.8386,50.18034,646.2962,6.063158,38.95401,501.707,1.747368,11.22633,144.5892,0
ARGENTINA80,1,1980,11.5457,3.51,100.7638,0,9,8435.965,82.9,29.4761,80,6427,62.9631,8.111333,0.8094462,10.00781,50.84298,549.8755,5.036458,39.28499,424.8739,1.481771,11.55799,125.0017,0
ARGENTINA81,1,1981,14.293,-5.42,104.4764,0,8,7853.408,83.28,28.76524,80,6307,63.4272,8.188394,1.046533,10.66363,50.0048,547.6581,5.548568,39.78701,435.7517,1.42494,10.21779,111.9063,0
ARGENTINA82,1,1982,15.6115,-3.16,164.7769,0,8,7493.345,83.66,31.36026,80,6476,63.894,8.265501,2.470557,7.725609,46.56292,378.6107,4.031668,37.15418,302.1068,1.020959,9.408738,76.50399,0
ARGENTINA83,1,1983,14.9877,4.11,343.8094,8,0,7686.429,84.04,30.66947,38,6791,64.3635,8.342655,2.333893,9.13242,47.72727,442.2329,4.56621,37.87879,350.9785,1.187215,9.848485,91.25441,0
ARGENTINA84,1,1984,12.3464,2,626.7198,8,0,7738.245,84.42,29.70844,37.6,6535,64.8358,8.419856,2.15231,8.926539,56.86274,425.6084,4.235681,43.79085,327.7674,1.264382,13.0719,97.841,0
ARGENTINA85,1,1985,18.0094,-6.95,672.1803,8,0,7094.539,84.8,29.64185,40,7450,65.3109,8.497104,2.567904,10.03959,45.07466,500.5629,5.760603,36.80154,408.6883,1.295005,8.273122,91.87462,0
ARGENTINA86,1,1986,14.486,7.14,90.0968,8,0,7477.275,85.14,27.4196,40,8239,65.341,8.585195,2.156108,10.00601,43.62329,481.8588,5.175281,35.03288,386.9699,1.26903,8.590413,94.88889,0
ARGENTINA87,1,1987,15.449,2.59,131.3269,8,0,7560.865,85.48,27.49665,40,8362,65.3712,8.673319,2.196702,9.631836,44.29376,468.8761,4.824704,34.46091,364.7894,1.37665,9.832853,104.0867,0
ARGENTINA88,1,1988,15.7435,-1.89,342.9548,8,0,7295.835,85.82,27.99968,40,7957,65.4015,8.761477,2.107993,8.61987,56.01698,409.1139,4.379536,43.75006,319.5237,1.227963,12.26693,89.59013,0
ARGENTINA89,1,1989,19.6378,-6.94,3079.809,8,0,6697.536,86.16,30.94932,70,7448,65.4318,8.849669,3.360909,7.737361,55.83039,326.2055,3.668311,42.04947,245.6864,1.202219,13.78092,80.51908,0
ARGENTINA90,1,1990,14.9909,-1.83,2313.966,8,0,6486.918,86.5,26.7897,82.1,8408,65.4622,8.937895,1.690227,9.069674,63.40183,397.844,4.844607,50.0825,314.2657,1.288413,13.31933,83.5783,1
ARGENTINA91,1,1991,13.7531,10.58,171.672,8,0,7099.521,86.88,24.38645,95,9586,64.7767,9.032454,1.267925,10.05373,62.95834,454.861,5.068049,49.80173,359.8072,1.338876,13.15661,95.05378,1
ARGENTINA92,1,1992,14.731,9.61,24.8999,8,0,7664.577,87.26,21.85913,98,10180,64.0967,9.127016,1.086383,11.29528,63.51724,529.0098,6.094857,56.08925,467.145,0.807152,7.427992,61.86478,1
ARGENTINA93,1,1993,14.4066,5.72,10.6113,8,0,8006.272,87.64,19.50116,99,10869,63.4224,9.221581,1.020043,13.0349,63.97341,637.1882,7.060993,56.75811,565.3223,0.8976201,7.215304,71.86591,1
ARGENTINA94,1,1994,15.9311,8.01,4.1775,8,0,8541.21,88.02,19.07253,99,10736,62.7536,9.316149,1.004275,13.61785,67.22738,733.2561,7.481759,58.58867,639.0328,1.103162,8.638715,94.22337,1
ARGENTINA95,1,1995,16.9638,-4.02,3.3762,8,0,8082.145,88.4,18.36393,98.6,11290,62.0914,9.41214,0.99975,14.04793,68.88847,728.2064,7.819548,59.78612,631.9872,1.190515,9.102346,96.21912,1
ARGENTINA96,1,1996,18.1145,4.78,0.1556,8,0,8347.53,88.7,18.74387,98.6,11944,61.5665,9.455625,1.027581,13.3391,69.2822,724.2635,7.512468,59.98819,627.1055,1.163913,9.29402,97.15799,1
ARGENTINA97,1,1997,19.7584,8.6,0.5286,8,0,8969.409,89,19.54727,98.6,12013,61.0449,9.499107,1.045461,13.59008,69.29809,777.3207,7.507717,60.03336,673.3978,1.158638,9.264725,103.923,1
BOLIVIA73,2,1973,47.3636,5.37,31.4857,0,7,902.6725,41.22,,86,1805,86.7389,3.456765,4.845151,3.315935,36.59466,29.93203,0.1151366,1.270648,1.039307,3.200798,35.32402,28.89272,0
BOLIVIA74,2,1974,47.3636,7.19,62.8363,0,7,928.1592,41.36,,88,1856,86.7905,3.462803,3.303858,3.879977,37.33067,36.01236,0.1915753,1.843216,1.778124,3.688402,35.48745,34.23424,0
BOLIVIA75,2,1975,47.3636,6.49,7.9767,0,7,970.7922,41.5,,88.3,1942,86.8422,3.468842,3.339084,4.020244,36.60929,39.02821,0.386171,3.516565,3.748918,3.634073,33.09273,35.27929,0
BOLIVIA76,2,1976,47.3636,4.26,4.4942,0,7,1008.773,42.3,,88,2018,86.5621,3.474796,3.379607,4.614949,37.53602,46.55436,0.3507715,2.853026,3.538488,4.264177,34.683,43.01587,0
BOLIVIA77,2,1977,47.3636,3.5,8.107,0,7,1026.252,43.1,,87,2053,86.2828,3.48075,3.329441,4.601349,37.39564,47.22144,0.3419197,2.778816,3.508957,4.259429,34.61682,43.71248,0
BOLIVIA78,2,1978,47.3636,1.88,10.3558,0,7,1036.87,43.9,,87,2074,86.0043,3.486704,3.246025,5.418883,41.78202,56.18677,0.569149,4.388393,5.901335,4.849734,37.39362,50.28543,0
BOLIVIA79,2,1979,47.3636,0.564,19.7196,0,4,1032.319,44.7,,86,2065,85.7266,3.492658,3.078421,5.860311,45.7306,60.4971,0.7372506,5.753093,7.610777,5.12306,39.97751,52.88632,0
BOLIVIA80,2,1980,47.3636,-4.4,47.2416,0,7,1015.873,45.5,,85.9,2032,85.4497,3.498612,2.851726,5.711961,44.42476,58.02627,0.1407648,1.094798,1.429992,5.571196,43.32996,56.59628,0
BOLIVIA81,2,1981,47.7143,0.17,32.1343,0,7,997.2863,46.5,,86,1995,85.2361,3.508555,2.380848,4.600667,34.84298,45.88182,0.13,0.9845501,1.296472,4.470667,33.85843,44.58535,0
BOLIVIA82,2,1982,58.2222,-4.45,123.535,7,0,935.4,47.5,,86,1871,85.023,3.518496,2.954566,3.4575,38.62157,32.34146,0.08625,0.9634449,0.8067825,3.37125,37.65813,31.53467,0
BOLIVIA83,2,1983,54.8,-4.13,275.5859,7,0,879.5648,48.5,,60,1759,84.8104,3.528436,2.935247,,,,,,,,,,1
BOLIVIA84,2,1984,49.4672,0.3,1281.35,7,0,866.71,49.5,,58.6,1733,84.5983,3.538375,3.000998,4.784689,14.28571,41.46938,0,0,0,4.784689,14.28571,41.46938,1
BOLIVIA85,2,1985,41.8927,-1.68,11749.61,8,0,834.6056,50.5,,59,1669,84.3867,3.548312,3.680232,,,,,,,,,,1
BOLIVIA86,2,1986,47.0316,-2.57,276.3368,8,0,797.8286,51.52,,80,1596,83.7741,3.565298,4.350712,5.09861,47.44526,40.67817,2.801434,26.06882,22.35065,2.297176,21.37643,18.32753,1
BOLIVIA87,2,1987,43.6227,2.46,14.5787,8,0,800.7226,52.54,,93,1765,83.1654,3.582276,4.207851,5.717654,57.79543,45.78255,2.033599,20.55611,16.28348,3.684055,37.23933,29.49906,1
BOLIVIA88,2,1988,41.9063,2.91,16.0021,8,0,805.7517,53.56,,93,1786,82.5606,3.599247,4.320494,5.571495,42.51413,44.89241,1.601111,12.21751,12.90098,3.970384,30.29661,31.99144,1
BOLIVIA89,2,1989,45.6547,3.79,15.1735,8,0,817.4094,54.58,,93,1751,81.9598,3.61621,4.503284,6.254924,44.01331,51.12834,2.174256,15.29933,17.77257,4.080668,28.71397,33.35577,1
BOLIVIA90,2,1990,46.7033,4.64,17.1188,8,0,835.235,55.6,17,93,1853,81.3628,3.633164,4.776996,6.235835,40.42821,52.08388,2.907466,18.84971,24.28417,3.328369,21.5785,27.7997,1
BOLIVIA91,2,1991,48.445,5.27,21.444,8,0,858.4583,56.38,17.7,92,1919,81.045,3.671152,4.626092,6.82626,43.30239,58.60059,3.13088,19.86074,26.8773,3.695379,23.44164,31.72329,1
BOLIVIA92,2,1992,49.1108,1.65,12.0632,8,0,852.5446,57.16,17.1,92,1998,80.7283,3.709136,4.632317,7.576996,40.26068,64.59727,2.543836,13.51678,21.68733,5.033161,26.74391,42.90994,1
BOLIVIA93,2,1993,47.4671,4.27,8.5257,8,0,867.6575,57.94,18.1,91,2083,80.4129,3.747115,4.807065,9.264483,41.75419,80.38398,3.597858,16.21522,31.21708,5.666626,25.53897,49.1669,1
BOLIVIA94,2,1994,48.8609,4.67,7.8749,8,0,887.1079,58.72,18.2,90,2186,80.0986,3.785089,4.95113,9.299464,44.38688,82.49628,3.383268,16.14853,30.01324,5.916196,28.23834,52.48305,1
BOLIVIA95,2,1995,49.738,4.68,10.1922,8,0,906.3933,59.5,18.7,88.7,2202,79.787,3.822768,4.800342,8.745152,46.41093,79.26548,3.365907,17.86302,30.50835,5.379246,28.54791,48.75713,1
BOLIVIA96,2,1996,48.9662,4.1,12.4294,8,0,921.1913,60.1,18.7,88.7,2251,79.2675,3.847646,4.646869,9.410831,45.74963,86.69176,4.323673,21.01902,39.8293,5.087158,24.73061,46.86245,1
BOLIVIA97,2,1997,49.8625,4.19,4.709,8,0,937.2988,60.7,17,88.7,2269,78.7508,3.872516,4.70042,11.41932,55.26223,107.0331,6.195509,29.98232,58.07044,5.223808,25.27991,48.96269,1
BRAZIL73,3,1973,17.7401,13.98,,0,9,3174.757,59.04,29.8051,58,2134,81.6532,3.830815,,7.815706,53.33333,248.1297,5.666387,38.66667,179.894,2.149319,14.66667,68.23566,0
BRAZIL74,3,1974,21.9305,9.04,,2,6,3358.49,60.12,30.55224,55,2241,80.4657,3.882878,,7.784295,52.72727,261.4348,5.502691,37.27273,184.8073,2.281604,15.45455,76.62743,0
BRAZIL75,3,1975,19.0411,5.21,,2,6,3472.222,61.2,30.26367,52.6,2437,79.2937,3.934936,,9.138506,55.81395,317.3092,6.758687,41.27907,234.6766,2.379819,14.53488,82.6326,0
BRAZIL76,3,1976,16.4865,9.79,,2,6,3702.703,62.2,30.39708,52,2580,78.0086,3.976981,,8.876645,53.90335,328.6758,6.489134,39.4052,240.2733,2.387511,14.49814,88.40246,0
BRAZIL77,3,1977,15.1656,4.61,,2,6,3805.31,63.2,29.34483,51,2815,76.7417,4.019024,,8.70001,52.92683,331.0624,6.494938,39.5122,247.1525,2.205072,13.41463,83.90981,0
BRAZIL78,3,1978,14.5455,3.23,,2,6,3827.586,64.2,30.72027,50,3293,75.4927,4.061064,,9.291393,53.76,355.636,6.885586,39.84,263.5517,2.405807,13.92,92.08433,0
BRAZIL79,3,1979,16.3182,6.77,,2,6,3983.193,65.2,31.04104,48,3917,74.261,4.103103,,9.292184,56.82051,370.1256,6.943978,42.46154,276.5921,2.348205,14.35897,93.53355,0
BRAZIL80,3,1980,20.3778,9.11,,2,6,4237.705,66.2,33.48525,46.4,3889,73.0465,4.14514,1.062566,8.651124,47.21613,366.6091,6.642971,36.25603,281.5095,2.008153,10.9601,85.09961,0
BRAZIL81,3,1981,19.2152,-4.39,101.7247,2,6,3991.936,67.1,32.92008,46,3869,72.1663,4.143182,1.026552,9.365398,50.77743,373.8607,7.075259,38.36073,282.4398,2.290139,12.4167,91.42088,0
BRAZIL82,3,1982,15.8696,0.58,100.5434,2,5,3921.26,68,34.55996,46,3686,71.295,4.14123,1.047537,12.07729,66.66666,473.5821,8.05153,44.44444,315.7214,4.025765,22.22222,157.8607,0
BRAZIL83,3,1983,20.4268,-3.41,135.0279,2,5,3700,68.9,33.18975,41,3976,70.4324,4.139281,1.478737,10.52632,60,389.4737,7.894737,45,292.1053,2.631579,15,97.36842,0
BRAZIL84,3,1984,21.4744,5.27,192.1206,2,5,3804.511,69.8,33.87255,41.1,4444,69.5785,4.137336,1.69115,9.211845,62.96296,350.4657,6.773416,46.2963,257.6953,2.43843,16.66667,92.77032,0
BRAZIL85,3,1985,19.342,7.95,225.9922,9,0,4044.444,70.7,33.74749,42,5087,68.733,4.135396,1.802535,8.297258,58.08081,335.578,5.916306,41.41414,239.2817,2.380952,16.66667,96.29629,0
BRAZIL86,3,1986,15.1716,7.99,147.1424,9,0,4275.362,71.5,32.96908,43,5636,67.7918,4.172456,1.636213,8.92517,56.74741,381.5833,6.312925,40.13841,269.9004,2.612245,16.609,111.6829,0
BRAZIL87,3,1987,15.6527,3.6,228.3355,9,0,4364.286,72.3,31.95649,44,5861,66.8609,4.209519,1.483777,9.42569,62.12984,411.3641,5.883496,38.78132,256.7726,3.542193,23.34852,154.5914,0
BRAZIL88,3,1988,16.5808,-0.1,629.1123,10,0,4265.734,73.1,30.95472,45,5958,65.9404,4.246587,1.416085,9.560046,63.50387,407.8061,6.319861,41.98052,269.5885,3.240185,21.52336,138.2177,0
BRAZIL89,3,1989,13.2437,3.28,1430.728,10,0,4344.828,73.9,29.5288,46,5346,65.0299,4.283658,1.048855,13.02375,90.56693,565.8596,7.99425,55.59187,347.3364,5.0295,34.97505,218.5231,0
BRAZIL90,3,1990,15.1618,-4.3,2947.73,10,0,4074.324,74.7,,46.1,5442,64.1294,4.320733,0.874237,12.30435,156.3536,501.319,8.852174,112.4862,360.6662,3.452174,43.8674,140.6528,0
BRAZIL91,3,1991,16.5909,1.3,432.785,10,0,4073.333,75.44,25.34337,48,5726,62.7911,4.403127,1.017964,11.19237,69.30581,455.9026,8.547264,52.92668,348.1585,2.645108,16.37913,107.744,0
BRAZIL92,3,1992,19.2533,-0.5,951.6475,10,0,3973.856,76.18,24.65593,50,5877,61.4745,4.485556,1.106705,11.20655,73.49423,445.3322,8.629017,56.59038,342.9047,2.577535,16.90386,102.4275,0
BRAZIL93,3,1993,19.5993,4.9,1927.978,10,0,4116.129,76.92,24.95369,53,6218,60.1789,4.56802,1.101549,13.22267,73.82178,544.2622,10.10853,56.43564,416.0803,3.114138,17.38614,128.1819,0
BRAZIL94,3,1994,18.6748,5.9,2075.898,10,0,4305.732,77.66,23.65826,60,6572,58.9038,4.650519,1.032035,13.61378,72.04449,586.1729,10.27047,54.35162,442.219,3.343308,17.69288,143.9539,0
BRAZIL95,3,1995,17.2133,4.2,66.0067,10,0,4427.673,78.4,23.58356,63.9,6751,57.646,4.734729,0.9176666,,,,,,,,,,0
BRAZIL96,3,1996,16.3009,2.8,15.7577,10,0,4469.136,78.98,22.72617,63.9,6828,56.3495,4.774297,0.8939185,,,,,,,,,,0
BRAZIL97,3,1997,17.7403,3.2,6.9267,10,0,4554.878,79.56,22.87635,63.9,6625,55.0743,4.813897,0.9172119,,,,,,,,,,0
CHILE73,4,1973,29.1219,-4.94,361.5354,0,7,2098.158,77.12,26.4644,31.1,1432,75.55,5.240556,110.0205,13.86225,40.05038,290.8519,6.625981,19.14358,139.0235,7.236269,20.9068,151.8283,0
CHILE74,4,1974,40.0882,2.49,504.7288,0,7,2113.242,77.76,29.51594,43.6,1443,74.2504,5.291925,167.1619,12.99054,40.22215,274.5216,6.391999,19.79132,135.0784,6.598543,20.43083,139.4432,0
CHILE75,4,1975,52.8482,-11.36,374.7345,0,7,1838.057,78.4,20.25647,46.1,1488,72.9699,5.343303,318.282,14.77417,47.90961,271.5577,8.223545,26.66728,151.1534,6.550625,21.24234,120.4042,0
CHILE76,4,1976,45.9208,3.41,211.8092,0,7,1876.476,78.96,23.26941,52.5,1669,71.1217,5.385612,287.0017,13.77879,49.87763,258.5558,7.565514,27.38628,141.965,6.21328,22.49135,116.5907,0
CHILE77,4,1977,43.0438,8.7,91.9423,0,7,2007.793,79.52,21.74551,58.9,1948,69.3125,5.427926,262.7161,15.24618,52.55793,306.1118,8.387153,28.91291,168.3967,6.859028,23.64503,137.7151,0
CHILE78,4,1978,44.5086,7.46,40.122,0,7,2125.953,80.08,22.39173,65.3,2325,67.5411,5.470244,296.5152,15.59467,51.80214,331.5354,9.008607,29.92465,191.5187,6.586066,21.87749,140.0166,0
CHILE79,4,1979,49.3846,8.68,33.3559,0,7,2276.654,80.64,21.24105,73.1,2606,65.8063,5.512568,291.304,14.91788,53.98111,339.6284,8.814119,31.89435,200.667,6.103756,22.08676,138.9614,0
CHILE80,4,1980,49.7978,8.15,35.1391,0,7,2422.176,81.2,21.43641,76,2848,64.1069,5.554897,256.1801,15.16865,55.71318,367.4114,9.038884,33.19906,218.9377,6.129767,22.51412,148.4738,0
CHILE81,4,1981,43.1714,4.74,19.6864,0,7,2500.669,81.48,22.32573,77.4,2549,62.9974,5.60924,236.1216,17.04635,58.64865,426.2727,10.76198,37.02703,269.1215,6.284368,21.62162,157.1512,0
CHILE82,4,1982,40.6221,-10.32,9.941,0,7,2210.347,81.76,18.8416,79.3,2432,61.9027,5.663587,297.6209,21.63035,64.42308,478.1057,14.28571,42.54808,315.7639,7.344633,21.875,162.3419,0
CHILE83,4,1983,45.3274,-3.79,27.2573,0,6,2090.668,82.04,20.59498,48.4,2707,60.8225,5.717936,373.5343,19.8973,64.85355,415.9866,13.60719,44.35146,284.4811,6.290115,20.50209,131.5054,0
CHILE84,4,1984,49.5766,7.97,19.8602,0,6,2226.726,82.32,23.06314,48.4,3023,59.7565,5.772287,406.3404,19.91548,63.79019,443.4631,13.62916,43.65482,303.4841,6.286318,20.13536,139.9791,0
CHILE85,4,1985,53.8605,7.12,30.7037,0,6,2349.133,82.6,15.67502,48,3392,58.7044,5.826642,530.9526,17.68477,62.11921,415.4387,11.84012,41.58941,278.1402,5.844646,20.5298,137.2985,0
CHILE86,4,1986,55.1201,5.6,19.4767,0,6,2433.803,82.74,17.86772,50,3849,58.3023,5.886123,537.7812,16.11582,60.28447,392.2274,10.76338,40.26258,261.9595,5.352442,20.02188,130.2679,0
CHILE87,4,1987,57.6645,6.59,19.8733,0,6,2554.67,82.88,17.50821,52,4283,57.9022,5.945582,528.7451,14.13786,57.21925,361.1755,9.227042,37.34403,235.7205,4.910812,19.87522,125.455,0
CHILE88,4,1988,62.1746,7.31,14.6899,2,3,2693.953,83.02,18.05866,53,4667,57.5041,6.005022,536.1768,12.53802,50.7177,337.7683,8.178438,33.08271,220.3233,4.359581,17.635,117.4451,0
CHILE89,4,1989,67.1359,10.56,17.029,2,3,2928.162,83.16,18.03493,55,4813,57.108,6.06444,523.2244,11.7895,60.12483,345.2157,7.125374,36.33842,208.6425,4.664128,23.78641,136.5732,0
CHILE90,4,1990,65.972,3.7,26.036,9,0,2984.961,83.3,18.51203,56.7,5225,56.7138,6.123837,499.8005,11.70236,63.46041,349.3108,7.235561,39.23754,215.9787,4.466796,24.22287,133.3321,1
CHILE91,4,1991,61.8385,7.97,21.785,9,0,3168.24,83.52,19.07632,60,6025,56.6563,6.220923,489.8206,11.80894,62.67544,374.1356,7.049004,37.41228,223.3294,4.759937,25.26316,150.8062,1
CHILE92,4,1992,59.9358,12.28,15.4255,9,0,3499.472,83.74,18.98712,64,6487,56.5987,6.318007,453.8456,12.01185,62.12534,420.3515,6.94106,35.89918,242.9005,5.070794,26.22616,177.451,1
CHILE93,4,1993,57.445,6.99,12.7281,9,0,3681.596,83.96,16.97256,68,6785,56.5412,6.415091,462.2236,12.53407,62.3409,461.454,7.204451,35.83287,265.2388,5.329625,26.50802,196.2152,1
CHILE94,4,1994,57.2894,5.71,11.4424,9,0,3830.104,84.18,16.71141,72,7545,56.4837,6.512172,442.2454,12.44216,62.32732,476.5477,6.978266,34.95668,267.2748,5.463893,27.37064,209.2728,1
CHILE95,4,1995,59.2773,10.63,8.2335,9,0,4173,84.4,16.24408,74.5,8077,56.4274,6.611372,396.7733,11.99954,62.7907,500.7407,6.70892,35.10617,279.9632,5.290617,27.68453,220.7775,1
CHILE96,4,1996,58.4406,7.37,7.3916,9,0,4417.843,84.66,15.65695,74.5,8895,56.1076,6.707399,395.3484,12.77684,62.67836,564.4608,7.057752,34.62266,311.8004,5.719092,28.0557,252.6605,1
CHILE97,4,1997,56.1164,7.06,6.1014,9,0,4664.205,84.92,15.27332,74.5,8787,55.7891,6.803415,387.5377,12.95752,63.89991,604.3653,7.15015,35.26091,333.4977,5.80737,28.639,270.8676,1
COSTA RICA73,5,1973,68.3421,7.71,15.214,10,0,2184.365,40.66,20.13206,79,1949,88.7465,3.259006,102.2369,10.66719,61.10485,233.0104,4.812045,27.56483,105.1126,5.855146,33.54002,127.8978,1
COSTA RICA74,5,1974,81.8716,5.54,30.0737,10,0,2249.807,40.98,20.77756,76,2007,86.2003,3.306089,104.1227,10.55539,61.31868,237.4758,4.41132,25.62637,99.24618,6.144068,35.69231,138.2297,1
COSTA RICA75,5,1975,68.6098,2.1,17.3691,10,0,2235.772,41.3,20.39501,73.2,2074,83.7204,3.353171,104.6248,11.44897,63.10266,255.9729,5.075871,27.97639,113.4849,6.373103,35.12627,142.4881,1
COSTA RICA76,5,1976,63.8197,5.52,3.4858,10,0,2291.924,41.66,19.6952,76,2267,81.6853,3.400128,106.9261,12.60882,65.94991,288.9846,5.649062,29.54718,129.4722,6.95976,36.40273,159.5124,1
COSTA RICA77,5,1977,67.2037,8.9,4.1745,10,0,2421.482,42.02,18.99038,79,2526,79.6938,3.447088,109.3157,10.69462,58.00206,258.9683,4.545972,24.65499,110.0799,6.148646,33.34706,148.8884,1
COSTA RICA78,5,1978,64.2126,6.27,6.0147,10,0,2497.558,42.38,18.73822,83,2875,77.7446,3.494049,110.9409,13.72127,62.0024,342.6967,1.871233,8.455552,46.73513,11.85004,53.54684,295.9615,0
COSTA RICA79,5,1979,64.1162,4.94,9.1835,10,0,2539.915,42.74,18.30739,86,3116,75.8364,3.541012,113.1419,14.28117,60.57893,362.7296,1.899722,8.058383,48.25134,12.38145,52.52055,314.4782,0
COSTA RICA80,5,1980,63.2969,0.75,18.1267,10,0,2486.865,43.1,18.59922,89.3,3287,73.9678,3.587977,108.7095,15.13102,64.29597,376.2881,7.709214,32.75862,191.7177,7.421809,31.53736,184.5704,0
COSTA RICA81,5,1981,91.4445,-2.26,37.0566,10,0,2359.333,43.42,18.94446,89,3026,72.9331,3.65075,222.2013,13.37758,68.84463,315.6217,2.161007,11.12112,50.98536,11.21657,57.7235,264.6363,0
COSTA RICA82,5,1982,87.2488,-7.29,90.1234,10,0,2122.827,43.74,20.33545,89,2944,71.9116,3.713515,213.2552,12.30643,75,261.2442,2.051072,12.5,43.5407,10.25536,62.5,217.7035,1
COSTA RICA83,5,1983,72.8202,2.86,32.6205,10,0,2123.066,44.06,21.85596,68,3188,70.903,3.776273,182.3275,13.1467,60.71429,279.1132,3.093342,14.28571,65.67368,10.05336,46.42857,213.4395,1
COSTA RICA84,5,1984,68.3389,8.02,11.9506,10,0,2226.112,44.38,22.49339,66.7,3283,69.907,3.839024,184.1113,12.26919,60.60606,273.1258,2.453837,12.12121,54.62516,9.815349,48.48485,218.5007,1
COSTA RICA85,5,1985,63.1995,0.73,15.0517,10,0,2180.167,44.7,22.08697,67,3602,68.9234,3.901767,187.7565,12.12611,61.53846,264.3695,3.031528,15.38461,66.09237,9.094584,46.15385,198.2771,1
COSTA RICA86,5,1986,61.8362,5.53,11.8367,10,0,2233.914,44.92,21.32089,70,4040,68.8465,3.961644,189.7568,15.00527,62.71186,335.2049,5.272123,22.0339,117.7747,9.73315,40.67797,217.4302,1
COSTA RICA87,5,1987,67.3988,4.76,16.8467,10,0,2268.868,45.14,21.33253,80,4328,68.7697,4.021522,188.7405,14.76118,59.15493,334.9118,3.163111,12.67606,71.76682,11.59807,46.47887,263.145,1
COSTA RICA88,5,1988,72.1153,3.37,20.8264,10,0,2280.281,45.36,21.2719,85,4484,68.6929,4.081402,196.4316,13.72448,62.33766,312.9567,3.145194,14.28571,71.71925,10.57929,48.05195,241.2375,1
COSTA RICA89,5,1989,74.3833,5.74,16.51,10,0,2345.029,45.58,20.35346,90,4606,68.6162,4.141285,190.0067,15.02665,64,352.3793,3.521871,15,82.5889,11.50478,49,269.7904,1
COSTA RICA90,5,1990,75.9558,3.55,19.0442,10,0,2361.43,45.8,19.37716,100,4727,68.5395,4.201169,189.0305,14.91824,66.10169,352.2837,3.44267,15.25424,81.29623,11.47557,50.84746,270.9875,0
COSTA RICA91,5,1991,77.5776,2.27,28.709,10,0,2386.658,46,19.91847,100,5190,67.6721,4.284216,204.608,15.79344,76.22378,376.9354,3.042773,14.68532,72.62057,12.75067,61.53846,304.3148,0
COSTA RICA92,5,1992,80.8546,7.73,21.7887,10,0,2512.658,46.2,20.47747,100,5520,66.8136,4.367262,190.1271,13.559,79.23497,340.6914,2.337759,13.6612,58.7399,11.22125,65.57377,281.9515,0
COSTA RICA93,5,1993,84.232,6.34,9.781,10,0,2610.578,46.4,19.34515,100,5781,65.9638,4.450309,188.5366,13.09542,69.51219,341.8661,2.220861,11.78862,57.9773,10.87456,57.72358,283.8889,0
COSTA RICA94,5,1994,82.6396,4.48,13.5346,10,0,2669.491,46.6,18.61271,100,5940,65.1227,4.533354,188.1569,15.0465,70.317,401.6649,4.378284,20.4611,116.8779,10.66821,49.85591,284.787,1
COSTA RICA95,5,1995,85.5877,2.39,23.1891,10,0,2676.349,46.8,19.12615,100,5851,64.2896,4.614987,179.7292,14.47317,71.12861,387.3526,5.020215,24.67192,134.3585,9.452957,46.45669,252.9941,1
COSTA RICA96,5,1996,91.9176,-0.64,17.5227,10,0,2622.807,47,18.92805,100,5889,63.5,4.742796,181.9412,15.35522,74.07407,402.7379,5.284004,25.4902,138.5892,10.07122,48.58388,264.1487,1
COSTA RICA97,5,1997,93.3621,3.2,13.2315,10,0,2673.21,47.2,18.85033,100,5987,62.718,4.870612,184.0803,,,,,,,,,,1
DOMINICAN REP73,6,1973,47.5583,12.9,15.0795,1,4,1111.28,43.3,17.01284,33,1240,96.6647,3.005962,9.457243,5.287847,30.31785,58.76278,0.7249467,4.156479,8.056188,4.5629,26.16137,50.70659,0
DOMINICAN REP74,6,1974,61.1669,6.01,13.1409,1,4,1150.047,44.3,18.62182,33,1245,95.1635,3.01199,9.28131,4.981235,26.98706,57.28654,0.7505971,4.066544,8.632219,4.230638,22.92052,48.65433,0
DOMINICAN REP75,6,1975,57.7334,5.19,14.5016,1,4,1178.685,45.3,20.89573,32.9,1314,93.6851,3.018018,8.845711,4.056683,23.32268,47.81551,1.055849,6.070288,12.44513,3.000834,17.2524,35.37038,0
DOMINICAN REP76,6,1976,49.0788,6.73,7.7656,1,4,1226.913,46.34,20.62054,31,1394,91.4779,3.042214,8.681259,4.428138,28,54.3294,1.062753,6.72,13.03905,3.365385,21.28,41.29034,0
DOMINICAN REP77,6,1977,44.1891,4.98,12.8535,1,4,1255.564,47.38,18.97931,29,1505,89.3204,3.066415,8.192716,3.967735,27.45098,49.81745,0.9156311,6.334842,11.49633,3.052104,21.11614,38.32111,0
DOMINICAN REP78,6,1978,41.5131,2.14,3.4778,6,0,1253.144,48.42,18.29968,27,1723,87.2109,3.09062,8.51835,4.583861,29.52381,57.44239,1.077313,6.938776,13.50028,3.506548,22.58503,43.9421,0
DOMINICAN REP79,6,1979,47.6322,4.52,9.1735,6,0,1279.374,49.46,16.88732,25,1990,85.1479,3.114829,8.688124,5.310056,31.87773,67.93548,1.309329,7.860262,16.75121,4.000727,24.01747,51.18427,1
DOMINICAN REP80,6,1980,48.1074,6.06,16.7539,6,0,1325.259,50.5,15.30689,24,2147,83.1299,3.139042,8.445942,4.855979,30.37736,64.35431,1.161212,7.264151,15.38907,3.694767,23.11321,48.96523,1
DOMINICAN REP81,6,1981,45.8373,4.06,7.5145,6,0,1346.558,51.32,15.59103,40,2157,81.1585,3.174125,8.66597,5.022706,33.1216,67.63364,1.210954,7.985481,16.30619,3.811752,25.13612,51.32745,1
DOMINICAN REP82,6,1982,33.5886,1.56,7.6462,7,0,1338.237,52.14,18.26971,56,2222,79.2289,3.209207,8.54637,4.897037,38.69048,65.53396,1.142642,9.027778,15.29126,3.754395,29.6627,50.2427,1
DOMINICAN REP83,6,1983,32.707,4.59,5.6286,7,0,1367.684,52.96,17.71051,56,2285,77.3399,3.244289,8.350878,4.685466,38.98917,64.08237,1.127983,9.386282,15.42724,3.557484,29.60289,48.65513,1
DOMINICAN REP84,6,1984,61.0528,0.28,20.1515,7,0,1342.349,53.78,16.53373,56.1,2386,75.4901,3.27937,7.250343,4.364326,38.74426,58.58449,1.026393,9.111792,13.77778,3.337933,29.63247,44.80671,1
DOMINICAN REP85,6,1985,65.2549,0.99,45.3362,7,0,1325.282,54.6,12.25974,57,2610,73.6784,3.314451,16.08074,3.789326,31.0219,50.21926,0.8852376,7.247132,11.73189,2.904089,23.77477,38.48737,1
DOMINICAN REP86,6,1986,57.8239,3.61,7.6389,7,0,1342.152,55.34,12.67667,58,3066,72.5542,3.352353,14.19897,4.229471,32.0409,56.76593,0.8773903,6.646783,11.77591,3.352081,25.39412,44.99002,1
DOMINICAN REP87,6,1987,62.9885,10.03,13.5508,7,0,1444.863,56.08,12.79259,59,3246,71.4446,3.390254,17.15763,3.53062,24.75743,51.01262,0.6516693,4.56964,9.41573,2.87895,20.18779,41.59689,0
DOMINICAN REP88,6,1988,74.7681,2.16,43.8637,7,0,1444.425,56.82,12.11245,60,3335,70.3493,3.428153,19.74527,3.683409,22.63798,53.20409,0.5388128,3.311506,7.782746,3.144597,19.32647,45.42134,0
DOMINICAN REP89,6,1989,77.9952,4.81,40.6579,7,0,1479.675,57.56,17.66841,61,3122,69.268,3.466052,15.26177,3.632675,26.46958,53.75179,0.6628453,4.829838,9.807956,2.96983,21.63974,43.94383,0
DOMINICAN REP90,6,1990,77.5177,-5.83,50.4626,7,0,1365.682,58.3,17.95914,60.8,3162,68.2004,3.503949,14.37643,3.314816,29.62359,45.26985,0.5455601,4.875519,7.450615,2.769256,24.74807,37.81924,0
DOMINICAN REP91,6,1991,63.6328,0.97,47.079,7,0,1351.763,59,18.25164,61,3500,67.3851,3.606797,15.16479,2.598279,25.17349,35.12257,0.377856,3.660867,5.107717,2.220423,21.51262,30.01485,0
DOMINICAN REP92,6,1992,64.0329,8.02,4.2589,7,0,1431.982,59.7,18.94117,65,3616,66.5777,3.709653,15.07966,3.312392,25.93622,47.43287,0.4205931,3.293267,6.022818,2.891799,22.64295,41.41005,0
DOMINICAN REP93,6,1993,103.8447,3.02,5.2503,7,0,1444.631,60.4,18.79743,70,3780,65.778,3.812517,14.64266,4.294464,26.84905,62.03915,0.7298371,4.562953,10.54345,3.564626,22.28609,51.49569,0
DOMINICAN REP94,6,1994,101.383,4.34,8.2611,6,0,1483.317,61.1,18.52142,80,3998,64.986,3.915388,14.40174,4.46089,27.3743,66.16914,0.6644347,4.077311,9.855674,3.796455,23.29699,56.31347,0
DOMINICAN REP95,6,1995,95.7548,4.81,12.5356,6,0,1521.156,61.8,17.60111,96.2,4246,64.2008,4.018053,13.59735,4.231066,28.92382,64.36111,0.5839607,3.991991,8.882954,3.647106,24.93183,55.47817,0
DOMINICAN REP96,6,1996,96.301,7.27,5.3995,6,0,1607.317,62.44,17.02822,96.2,4460,63.5092,4.097745,13.45485,4.474668,29.42136,71.9221,0.7235515,4.757419,11.62977,3.751116,24.66394,60.29232,0
DOMINICAN REP97,6,1997,98.5176,8.15,8.2964,6,0,1702.172,63.08,16.98315,96.2,4598,62.8233,4.177453,13.16207,5.249149,32.11994,89.34954,0.9494742,5.809905,16.16168,4.299675,26.31003,73.18786,1
EL SALVADOR73,7,1973,62.943,4.86,6.392,2,3,1725.907,40,19.8153,38,1691,95.4358,2.934991,19.35964,,,,,,,,,,0
EL SALVADOR74,7,1974,73.249,5.34,16.8991,2,3,1772.163,40.2,19.9054,37,1737,95.0276,2.987188,18.38862,5.172414,42.06186,91.6636,0.5578094,4.536082,9.885291,4.614604,37.52577,81.77831,0
EL SALVADOR75,7,1975,71.263,2.92,19.0885,2,3,1779.126,40.4,20.03057,36.5,1803,94.6211,3.039383,16.85059,4.80125,36.44068,85.4203,0.5136222,3.898305,9.137985,4.287628,32.54237,76.2823,0
EL SALVADOR76,7,1976,72.3607,5.05,7.0343,2,3,1823.348,40.64,18.49262,38,1944,94.2736,3.072225,16.65024,4.924641,34.14338,89.79333,0.4907115,3.402187,8.947379,4.433929,30.74119,80.84595,0
EL SALVADOR77,7,1977,75.6381,6.78,11.8206,0,6,1899.353,40.88,16.63018,40,2168,93.9262,3.105174,15.85843,4.730012,34.59184,89.83964,0.4185852,3.061224,7.95041,4.311428,31.53061,81.88923,0
EL SALVADOR78,7,1978,69.7963,5.32,13.2751,0,6,1955.476,41.12,18.10765,42,2286,93.579,3.13823,15.06263,4.862195,34.06193,95.07905,0.5590224,3.916211,10.93155,4.303172,30.14572,84.1475,0
EL SALVADOR79,7,1979,74.1128,-4.18,14.63,0,6,1837.767,41.36,17.78245,42,2214,93.2321,3.171392,14.63159,4.821657,33.36013,88.61082,0.6390148,4.421222,11.7436,4.182642,28.93891,76.86721,0
EL SALVADOR80,7,1980,67.4065,-11.77,17.3671,0,6,1596.162,41.6,16.49263,43.6,2084,92.8853,3.20466,14.14935,5.506336,33.04172,87.89005,0.5719413,3.432032,9.129109,4.934395,29.60969,78.76093,0
EL SALVADOR81,7,1981,60.2665,-10.45,14.7967,0,6,1411.921,41.82,17.06156,49,1959,92.2637,3.310725,13.59697,5.608881,31.9731,79.19298,0.705447,4.021359,9.960354,4.903435,27.95174,69.23263,0
EL SALVADOR82,7,1982,51.2477,-6.31,11.729,0,6,1313.358,42.04,16.57674,51,1993,91.6461,3.416789,12.91933,5.334821,30.60179,70.0653,0.7254464,4.161332,9.527709,4.609375,26.44046,60.5376,0
EL SALVADOR83,7,1983,54.3978,1.54,13.3143,0,6,1325.14,42.26,16.59301,51,2101,91.0323,3.522853,11.76758,4.787234,31.07417,63.43755,0.571316,3.70844,7.570737,4.215918,27.36573,55.86682,0
EL SALVADOR84,7,1984,50.2907,1.34,11.5073,7,0,1336.135,42.48,17.0682,50.7,2212,90.4224,3.628917,11.00882,4.898345,30.06846,65.44849,0.6605473,4.054766,8.825804,4.237797,26.01369,56.62269,0
EL SALVADOR85,7,1985,52.2105,0.62,22.3286,7,0,1333.613,42.7,17.83635,50.7,2355,89.8164,3.73498,9.319875,4.333263,24.86984,57.78897,0.5372968,3.0837,7.16546,3.795967,21.78614,50.62351,0
EL SALVADOR86,7,1986,53.7141,0.19,31.9348,7,0,1314.486,42.94,17.51287,50.7,2586,88.1608,3.833758,13.96505,3.577392,31.93315,47.02432,0.4503365,4.019874,5.91961,3.127056,27.91328,41.10471,0
EL SALVADOR87,7,1987,45.0946,2.51,24.8646,7,0,1323.47,43.18,19.83737,50.7,2785,86.5342,3.932551,11.94558,3.40089,30.01525,45.00976,0.3759561,3.318078,4.975666,3.024934,26.69718,40.03409,0
EL SALVADOR88,7,1988,38.0957,1.88,19.7611,7,0,1345.536,43.42,19.86236,50.7,2771,84.9357,4.031357,10.38718,3.000073,29.53237,40.36707,0.3252211,3.201439,4.375967,2.674852,26.33093,35.9911,0
EL SALVADOR89,7,1989,36.9283,0.96,17.6341,7,0,1338.435,43.66,20.84281,50.7,2886,83.3648,4.130179,9.25553,2.910874,30.92648,38.96016,0.3320507,3.52786,4.444283,2.578823,27.39861,34.51588,0
EL SALVADOR90,7,1990,49.7849,4.83,23.9992,7,0,1377.691,43.9,21.71486,50.7,3017,81.8206,4.229014,10.77584,2.962618,29.47914,40.81572,0.3508003,3.490592,4.832944,2.611818,25.98855,35.98278,0
EL SALVADOR91,7,1991,47.7344,3.57,14.403,8,0,1400.237,44.12,22.09221,85,3323,79.858,4.30725,11.49015,2.890078,28.11786,40.46795,0.3427713,3.334856,4.799611,2.547307,24.78301,35.66833,0
EL SALVADOR92,7,1992,48.5242,7.55,11.2209,8,0,1476.487,44.34,23.82782,90,3570,77.9368,4.385473,11.09876,2.867233,28.54575,42.33432,0.4113245,4.095086,6.073153,2.455908,24.45066,36.26117,0
EL SALVADOR93,7,1993,53.463,7.37,18.5068,8,0,1553.133,44.56,22.44593,90,3783,76.0557,4.463684,10.04006,3.333389,29.90043,51.77196,0.5599828,5.023035,8.697278,2.773406,24.8774,43.07468,0
EL SALVADOR94,7,1994,55.1735,6.05,10.5857,8,0,1611.663,44.78,21.91195,91,4041,74.2135,4.541882,9.33953,4.175383,32.34425,67.29311,1.058687,8.201029,17.06247,3.116696,24.14322,50.23063,0
EL SALVADOR95,7,1995,59.3953,6.4,10.03,8,0,1675.781,45,21.32973,91.5,4055,72.4075,4.620342,8.754582,4.545892,37.0963,76.17919,1.297967,10.59193,21.75109,3.247925,26.50437,54.42811,0
EL SALVADOR96,7,1996,54.7324,1.83,9.7888,8,0,1667.817,45.32,20.8173,91.5,4083,71.3874,4.636295,8.209862,4.214614,34.85402,70.29205,0.6575681,5.437956,10.96703,3.557046,29.41606,59.32502,0
EL SALVADOR97,7,1997,59.2248,3.97,4.4898,8,0,1703.842,45.64,20.96134,91.5,4036,70.3792,4.652238,8.038492,4.314255,40.12835,73.50809,0.6645901,6.181578,11.32356,3.649665,33.94677,62.18452,0
MEXICO73,8,1973,15.7373,8.13,12.0443,0,6,2570.028,61.28,21.71664,74,2244,102.3576,4.095133,4.596026,5.644811,48.14815,145.0732,3.039514,25.92593,78.11636,2.605297,22.22222,66.95687,1
MEXICO74,8,1974,16.8599,10.84,23.7502,0,6,2771.402,62.04,21.76097,75,2420,102.1389,4.042111,4.123841,6.446593,51.32743,178.661,3.667889,29.20354,101.652,2.778704,22.12389,77.00906,1
MEXICO75,8,1975,14.7266,3.58,15.1517,0,6,2775.005,62.8,21.09699,76.3,2488,101.9208,3.989089,3.908128,6.909091,51.35135,191.7276,3.636364,27.02703,100.9093,3.272727,24.32432,90.81834,1
MEXICO76,8,1976,16.2837,2.82,15.7896,0,6,2778.614,63.5,20.80615,76,2594,100.6649,3.951095,4.405231,7.366886,52.60417,204.6973,3.865791,27.60417,107.4154,3.501094,25,97.28189,1
MEXICO77,8,1977,18.239,6.75,29.0022,0,6,2878.277,64.2,21.49376,75,2979,99.4246,3.913101,5.321922,7.517577,54.72441,216.3767,3.78583,27.55906,108.9667,3.731747,27.16535,107.41,1
MEXICO78,8,1978,19.1459,6.58,17.4613,1,4,2988.848,64.9,21.30625,75,3572,98.1996,3.875106,4.9167,6.846384,49.07975,204.628,3.123663,22.39264,93.36153,3.722721,26.68712,111.2665,1
MEXICO79,8,1979,21.1666,7.84,18.1733,1,4,3140.267,65.6,21.15064,74,4241,96.9896,3.837112,4.640545,6.812255,46.13686,213.923,3.09648,20.9713,97.23774,3.715776,25.16556,116.6853,1
MEXICO80,8,1980,23.6796,11.81,26.3646,1,4,3433.476,66.3,20.55328,73.9,4779,95.7943,3.799117,4.194684,6.085011,40.2963,208.9274,2.684564,17.77778,92.17386,3.400447,22.51852,116.7535,1
MEXICO81,8,1981,23.3073,8.07,27.9281,1,4,3627.518,66.96,20.31113,74,4684,93.5903,3.782253,3.863607,6.697083,40.57256,242.9379,2.835262,17.1767,102.8496,3.861822,23.39585,140.0883,1
MEXICO82,8,1982,25.7206,-5.87,58.9243,1,4,3334.022,67.62,19.81518,74,4423,91.4354,3.765388,5.937904,7.215967,29.22886,240.5819,3.050153,12.35489,101.6928,4.165814,16.87396,138.8891,1
MEXICO83,8,1983,28.4179,-3.2,101.7593,1,4,3151.193,68.28,19.68067,62,4699,89.328,3.748522,6.467843,5.597808,34.93892,176.3977,2.561235,15.98604,80.70945,3.036573,18.95288,95.68829,1
MEXICO84,8,1984,26.9971,2.85,65.5399,1,4,3179.52,68.94,20.83286,62.6,4990,87.2665,3.731655,5.695826,5.366982,35.1761,170.6443,2.183525,14.31119,69.42561,3.183457,20.86491,101.2187,1
MEXICO85,8,1985,25.8708,4.16,57.7483,1,4,3246.538,69.6,21.73496,65,5096,85.2496,3.714787,5.723229,5.650017,35.9116,183.4299,2.419013,15.37529,78.53417,3.231004,20.53632,104.8958,1
MEXICO86,8,1986,30.9331,-6.79,86.2345,1,4,2960.408,70.18,22.8039,65,5535,82.8758,3.764307,7.455119,5.382868,37.83904,159.3548,2.378565,16.7202,70.41523,3.004303,21.11884,88.93962,1
MEXICO87,8,1987,32.9098,3.32,131.8261,1,4,3003.853,70.76,23.8229,68,5831,80.5617,3.813834,7.50889,5.048094,40.38852,151.6373,2.112734,16.90345,63.46343,2.93536,23.48507,88.1739,1
MEXICO88,8,1988,38.4657,2.85,114.1617,1,4,3020.634,71.34,21.91658,70,5968,78.3052,3.86337,6.02217,4.652118,49.15482,140.5235,1.973553,20.85279,59.61382,2.678565,28.30203,80.90965,1
MEXICO89,8,1989,38.0587,4.2,20.0079,1,4,3085.651,71.92,20.08325,79,6225,76.104,3.912914,5.695808,4.964297,55.57143,153.1809,2.086555,23.35735,64.3838,2.877743,32.21408,88.79709,1
MEXICO90,8,1990,38.3062,5.07,26.6527,1,4,3184.101,72.5,19.0295,78.6,6544,73.9563,3.962467,5.416361,5.259725,48.95943,167.4749,2.337129,21.75485,74.41655,2.922596,27.20459,93.0584,1
MEXICO91,8,1991,35.6373,4.22,22.661,1,4,3256.558,72.68,18.83043,80,6953,72.3165,4.027611,4.938263,6.11264,45.39998,199.0617,2.775331,20.61302,90.38026,3.337309,24.78696,108.6814,1
MEXICO92,8,1992,35.5096,3.63,15.5086,1,4,3312.884,72.86,18.51579,82,7117,70.7074,4.092758,4.515501,6.786519,51.98312,224.8295,3.037765,23.26856,100.6376,3.748754,28.71456,124.1919,1
MEXICO93,8,1993,34.4213,1.95,9.752,1,4,3320.596,73.04,17.47102,84,7451,69.1281,4.157906,4.265827,7.643234,57.61554,253.8009,3.316361,24.9991,110.123,4.326872,32.61644,143.6779,1
MEXICO94,8,1994,38.4787,4.42,6.9659,1,4,3405.968,73.22,17.25246,85,7061,67.5778,4.223057,4.430814,8.01706,59.38237,273.0585,3.44553,25.52104,117.3536,4.57153,33.86133,155.7049,1
MEXICO95,8,1995,58.1736,-6.17,34.9991,1,4,3137.857,73.4,19.06107,87.5,7357,66.0551,4.288372,6.419425,7.528066,51.55167,236.2199,3.185215,21.81213,99.94748,4.342851,29.73954,136.2725,1
MEXICO96,8,1996,62.7964,5.18,34.3775,1,4,3245.632,73.6,19.58051,87.5,7637,64.9228,4.332739,5.822279,7.29527,51.55431,236.7776,2.987003,21.10859,96.94713,4.308267,30.44572,139.8305,1
MEXICO97,8,1997,60.4689,6.98,20.6266,1,4,3412.866,73.8,19.37581,87.5,7704,63.8059,4.377124,5.144715,7.063629,47.68843,241.0722,2.924478,19.74392,99.8085,4.139151,27.94451,141.2637,1
URUGUAY73,10,1973,24.8167,0.28,96.9977,0,8,3970.223,82.7,16.6608,59.6,2428,58.9736,9.31919,9.298777,13.4713,60.95406,534.8406,9.605623,43.4629,381.3647,3.865677,17.49117,153.476,0
URUGUAY74,10,1974,31.2738,2.89,77.2131,0,8,4075.124,82.9,24.45482,73,2492,59.2333,9.482204,7.465655,16.34404,69.3097,666.0398,12.05455,51.1194,491.238,4.289485,18.1903,174.8018,0
URUGUAY75,10,1975,37.0587,6.1,81.4056,0,8,4312.478,83.1,25.75079,72.89999,2611,59.4938,9.64526,9.142404,13.91134,61.63863,599.9235,10.37228,45.95768,447.3021,3.539064,15.68095,152.6214,0
URUGUAY76,10,1976,39.6376,3.93,50.6232,0,8,4463.972,83.52,25.46132,72.89999,2730,59.5683,9.810504,9.482057,15.62747,65.20304,697.606,11.95601,49.88445,533.7128,3.671467,15.31859,163.8933,0
URUGUAY77,10,1977,42.5554,1.46,58.1958,0,8,4472.397,83.94,25.07169,72.89999,3095,59.6429,9.975884,8.981845,13.53753,58.48156,605.4523,10.07783,43.53579,450.7206,3.459704,14.94577,154.7317,0
URUGUAY78,10,1978,40.0013,5.37,44.5486,0,8,4689.128,84.36,24.95861,72.89999,3667,59.7174,10.1414,8.666079,13.66311,62.10139,640.6807,10.67895,48.53784,500.7497,2.984158,13.56356,139.931,0
URUGUAY79,10,1979,38.0001,6.2,66.8443,0,7,4972.375,84.78,28.03594,72.89999,4421,59.7919,10.30705,7.526398,11.05076,56.59438,549.4852,8.209978,42.04586,408.2309,2.840781,14.54852,141.2543,0
URUGUAY80,10,1980,35.6644,5.84,63.4758,0,7,5216.198,85.2,25.92263,72.89999,4606,59.8664,10.47284,6.048219,13.56666,62.19361,707.6637,10.56896,48.45125,551.2977,2.997701,13.74236,156.366,0
URUGUAY81,10,1981,34.2355,1.56,34.0449,0,7,5252.387,85.6,23.49641,80,4172,59.9829,10.54367,5.921625,15.6999,63.91502,824.6196,12.8531,52.32554,675.0943,2.846807,11.58948,149.5253,0
URUGUAY82,10,1982,31.6167,-9.76,18.9928,0,7,4710.268,86,19.8198,80,3747,60.0994,10.61454,6.780839,19.31062,67.50876,909.5821,16.05722,56.13506,756.3381,3.253403,11.3737,153.244,0
URUGUAY83,10,1983,49.2927,-10.27,49.1972,0,7,4208.754,86.4,25.35648,80,3853,60.2161,10.68546,11.64001,16.37058,65.23833,688.9974,13.74914,54.79166,578.6677,2.621437,10.44668,110.3298,0
URUGUAY84,10,1984,47.9561,-1.15,55.3044,0,7,4148.544,86.8,27.27779,80,4104,60.333,10.75644,12.71255,14.6952,62.68436,609.637,12.2476,52.24379,508.0971,2.447602,10.44057,101.5398,0
URUGUAY85,10,1985,47.8566,1.46,72.2226,9,0,4154.204,87.2,29.398,80,4785,60.4499,10.82746,13.83471,14.60008,65.15609,606.5173,12.00773,53.58715,498.8256,2.592353,11.56895,107.6916,0
URUGUAY86,10,1986,46.4837,8.81,76.3824,9,0,4495.868,87.5,29.71546,80,5617,60.3928,10.96766,11.96042,15.37598,66.82927,691.2839,12.34568,53.65854,555.0455,3.030303,13.17073,136.2384,0
URUGUAY87,10,1987,40.8546,7.99,63.5668,9,0,4832.347,87.8,28.94624,80,5907,60.3359,11.10792,11.28713,15.4633,67.81003,747.2402,12.51504,54.88127,604.7703,2.948255,12.92876,142.4699,0
URUGUAY88,10,1988,42.9915,0.02,62.1922,9,0,4803.921,88.1,28.23697,80,5819,60.2792,11.24825,11.52048,16.43434,67.67371,789.4925,13.20616,54.38066,634.4136,3.228173,13.29305,155.0789,0
URUGUAY89,10,1989,44.6175,1.27,80.447,10,0,4842.379,88.4,26.18197,80,5905,60.2225,11.38866,11.59512,10.14672,41.32997,491.3429,6.840256,27.86195,331.2311,3.306468,13.46801,160.1117,0
URUGUAY90,10,1990,46.2689,0.88,112.5263,10,0,4861.558,88.7,26.27521,80,6242,60.1661,11.52913,10.82665,16.09771,67.50964,782.5995,13.02126,54.6078,633.0361,3.076451,12.90184,149.5635,0
URUGUAY91,10,1991,43.0035,3.21,101.972,10,0,4958.239,88.96,25.96821,81,7005,60.0576,11.68912,9.637372,17.97642,70.68865,891.3138,14.76494,58.06013,732.0807,3.211484,12.62852,159.2331,0
URUGUAY92,10,1992,43.5208,7.88,68.456,10,0,5336.688,89.22,23.47351,82,7306,59.9492,11.84909,8.834927,19.24278,72.37836,1026.927,15.78845,59.38549,842.5801,3.454333,12.99287,184.347,0
URUGUAY93,10,1993,41.9573,3,54.0981,10,0,5455.589,89.48,20.08396,83,7836,59.8408,12.00905,7.693676,24.34054,76.97975,1327.92,20.58003,65.08673,1122.762,3.760502,11.89302,205.1575,0
URUGUAY94,10,1994,43.0968,6.35,44.7421,10,0,5759.702,89.74,18.15005,84,7832,59.7325,12.169,6.97703,25.49354,77.23499,1468.352,21.18717,64.18847,1220.318,4.306366,13.04653,248.0339,0
URUGUAY95,10,1995,40.7407,-1.76,42.2463,10,0,5593.536,90,18.88792,84,8290,59.6308,12.33668,6.349,22.48717,77.17701,1257.828,18.47659,63.41251,1033.495,4.010579,13.76449,224.3332,1
URUGUAY96,10,1996,42.4039,5.28,28.3435,10,0,5861.176,90.26,18.40934,84,8544,59.6925,12.39155,6.3947,23.40258,77.69212,1371.666,19.42551,64.48901,1138.563,3.977068,13.20311,233.1029,1
URUGUAY97,10,1997,45.4338,5.06,19.8184,10,0,6123.586,90.52,18.31909,84,8623,59.7543,12.44643,6.466185,24.66888,78.3517,1510.62,20.51727,65.1656,1256.392,4.151616,13.18609,254.2278,1
ECUADOR73,11,1973,46.6069,24.03,13.0117,0,5,1227.442,41.24,17.40025,53,1044,92.8311,4.12841,2086.801,4.141156,32.83221,50.83029,0.1028459,0.8153905,1.262374,4.03831,32.01682,49.56791,1
ECUADOR74,11,1974,67.2865,6.45,23.3211,0,5,1268.281,41.82,15.407,50,1075,92.2878,4.083392,1878.908,3.831269,31.19459,48.59126,0.1207378,0.9830598,1.531294,3.710531,30.21153,47.05996,1
ECUADOR75,11,1975,58.9038,5.58,15.3631,0,5,1301.578,42.4,15.97271,48.3,1156,91.7475,4.038378,1777.358,4.289029,35.39098,55.82506,0.1262298,1.041587,1.642979,4.162799,34.34939,54.18208,1
ECUADOR76,11,1976,52.7819,9.22,10.6713,0,5,1381.355,43.32,17.24888,51,1239,91.0007,4.03534,1698.515,4.014656,31.73735,55.45665,0.1745503,1.379885,2.411159,3.840106,30.35746,53.04549,1
ECUADOR77,11,1977,52.6669,6.53,13.0143,0,5,1435.279,44.24,17.99178,54,1391,90.2598,4.032304,1600.653,4.382843,33.38828,62.90604,0.1081887,0.8241758,1.552809,4.274655,32.5641,61.35323,1
ECUADOR78,11,1978,48.3122,6.59,11.6499,0,5,1474.728,45.16,18.98874,57,1594,89.5246,4.029268,1542.458,4.046095,36.2572,59.6689,0.103478,0.9272702,1.526019,3.942617,35.32993,58.14287,1
ECUADOR79,11,1979,51.2671,5.3,10.2665,9,0,1511.228,46.08,19.19192,61,1809,88.795,4.026233,1557.613,3.976496,37.82828,60.09392,0.1008547,0.9594276,1.524145,3.875641,36.86885,58.56977,1
ECUADOR80,11,1980,50.5644,4.91,13.0489,9,0,1545.032,47,17.65853,64.9,1944,88.0712,4.023199,1563.809,6.237201,48.40419,96.36675,0.1808874,1.403788,2.794768,6.056314,47.0004,93.57199,0
ECUADOR81,11,1981,42.5475,3.94,16.3875,9,0,1564.15,47.84,17.19459,70,1933,86.897,4.018198,1482.225,5.94298,40.08232,92.95712,0.1919771,1.294786,3.00281,5.751003,38.78754,89.95432,0
ECUADOR82,11,1982,44.4025,1.19,16.2579,9,0,1546.005,48.68,17.77035,72,1843,85.7374,4.013197,1625.585,5.449039,35.15727,84.24241,0.1588942,1.025188,2.456513,5.290144,34.13208,81.7859,0
ECUADOR83,11,1983,43.4929,-2.82,48.4339,9,0,1458.869,49.52,18.49837,72,1956,84.592,4.008196,1660.734,5.124643,38.65884,74.76183,0.1983929,1.496619,2.894292,4.92625,37.16222,71.86754,0
ECUADOR84,11,1984,45.1953,4.2,31.2303,8,0,1477.376,50.36,20.67561,72.1,2105,83.4605,4.003195,1871.395,4.861501,37.05711,71.82265,0.1469865,1.120414,2.171543,4.714514,35.9367,69.6511,0
ECUADOR85,11,1985,47.6233,4.34,27.9836,8,0,1505.66,51.2,18.94328,73,2303,82.3427,3.998195,1684.286,4.930991,32.67682,74.24397,0.138018,0.9146214,2.078082,4.792973,31.7622,72.16588,0
ECUADOR86,11,1986,45.3465,3.1,23.0296,8,0,1510.916,51.98,19.8215,74,2297,80.9559,4.024218,2461.45,5.296095,33.60556,80.01955,0.1900217,1.205753,2.871068,5.106074,32.39981,77.14849,0
ECUADOR87,11,1987,54.346,-5.98,29.5042,8,0,1390.376,52.76,19.51835,75,2635,79.5901,4.05024,2735.128,5.786184,37.39285,80.44971,0.2095822,1.354412,2.91398,5.576602,36.03844,77.53573,0
ECUADOR88,11,1988,58.9934,10.52,58.2162,9,0,1500.09,53.54,21.35391,76,2582,78.2449,4.076263,3185.319,4.693543,34.35293,70.40736,0.1588079,1.162345,2.382262,4.534735,33.19059,68.02511,0
ECUADOR89,11,1989,60.5522,0.26,75.6482,9,0,1465.255,54.32,21.07804,77,2624,76.9197,4.102286,3317.208,4.931348,44.73684,72.25682,0.3094179,2.807018,4.533762,4.62193,41.92982,67.72306,1
ECUADOR90,11,1990,60.1151,3.03,48.5191,9,0,1471.161,55.1,19.35474,79.9,2774,75.6142,4.128309,3433.927,4.570941,41.02845,67.2459,0.280351,2.516411,4.124415,4.29059,38.51204,63.12148,1
ECUADOR91,11,1991,61.1062,5.02,48.804,9,0,1514.541,56.14,20.77253,81,2932,74.2256,4.175296,3277.127,4.456734,40.89552,67.49906,0.2765127,2.537313,4.187898,4.180221,38.35821,63.31116,
ECUADOR92,11,1992,59.2238,3.57,54.3406,9,0,1537.026,57.18,22.04557,82,2996,72.8587,4.222286,3206.805,5.078809,40.59284,78.06262,0.3090553,2.470152,4.750261,4.769754,38.12268,73.31236,
ECUADOR93,11,1993,51.7124,2.03,44.9999,9,0,1530.851,58.22,21.74306,83,3130,71.5129,4.269278,2849.698,4.735711,40.71406,72.49668,0.2914284,2.505481,4.461334,4.444283,38.20858,68.03534,
ECUADOR94,11,1994,50.4249,4.32,27.4427,9,0,1560.275,59.26,21.74303,84,3163,70.1878,4.316272,2625.079,4.879653,39.82994,76.13602,0.2988102,2.439024,4.662261,4.580843,37.39091,71.47375,
ECUADOR95,11,1995,58.3185,2.34,22.8861,9,0,1561.955,60.3,21.08696,86,3221,68.8829,4.363265,2564.494,,,,,,,,,,
ECUADOR96,11,1996,53.9092,1.98,24.373,9,0,1564.37,61.3,21.65269,86,3255,67.4524,4.378248,2640.163,,,,,,,,,,
ECUADOR97,11,1997,59.0037,3.38,30.643,9,0,1583.312,62.3,21.3542,86,3003,66.0459,4.393236,2591.49,,,,,,,,,,
GUATEMALA73,12,1973,41.0867,6.78,13.7964,3,2,1334.065,36.22,15.93989,55,1258,94.3571,2.821348,4.833522,3.308681,36.48069,44.13995,0.5060335,5.579399,6.750815,2.802647,30.90129,37.38913,0
GUATEMALA74,12,1974,48.0721,6.38,16.4944,1,4,1380.341,36.46,15.66928,60,1301,94.181,2.807311,4.607026,3.194181,34.9481,44.09059,0.6008855,6.574394,8.294269,2.593295,28.3737,35.79632,0
GUATEMALA75,12,1975,45.2563,1.95,13.1595,1,4,1370.887,36.7,15.1443,65.5,1380,94.0052,2.793274,4.442895,3.263851,36.28049,44.7437,0.9051015,10.06098,12.40792,2.358749,26.21951,32.33579,0
GUATEMALA76,12,1976,49.1558,7.39,10.7249,1,4,1434.757,36.84,15.57491,65.5,1502,94.3235,2.815389,4.243756,3.321879,35.19418,47.66088,0.8705613,9.223301,12.49044,2.451317,25.97087,35.17044,0
GUATEMALA77,12,1977,50.7125,7.81,12.3243,1,4,1508.217,36.98,15.99236,65.5,1666,94.6427,2.837502,4.023795,3.357052,32.79857,50.63163,1.16767,11.4082,17.611,2.189382,21.39038,33.02063,0
GUATEMALA78,12,1978,48.7382,5,8.2883,0,5,1540.849,37.12,16.21385,65.5,1910,94.963,2.859614,3.997887,2.651952,25.59618,40.86257,0.4447373,4.292528,6.85273,2.207215,21.30366,34.00985,0
GUATEMALA79,12,1979,47.1996,4.71,11.3433,0,5,1578.475,37.26,16.34888,65.5,2155,95.2843,2.881724,3.998113,2.665508,24.69799,42.07438,0.3621614,3.355705,5.716627,2.303346,21.34228,36.35775,0
GUATEMALA80,12,1980,47.1055,3.76,10.8239,0,5,1598.24,37.4,16.64789,65.5,2246,95.6065,2.903833,4.094612,3.350679,24.35424,53.55189,0.4569108,3.321033,7.302531,2.893768,21.03321,46.24936,0
GUATEMALA81,12,1981,40.6913,0.65,11.433,0,5,1572.903,37.48,16.02609,65,2136,95.9428,2.920837,4.053547,3.299257,25.49372,51.8941,0.4298327,3.321364,6.760852,2.869424,22.17235,45.13325,0
GUATEMALA82,12,1982,33.4748,-3.53,0.3075,0,7,1477.958,37.56,15.74743,65,2044,96.2801,2.937841,4.290083,1.609195,13.83399,23.78323,0.3793103,3.26087,5.606048,1.229885,10.57312,18.17719,0
GUATEMALA83,12,1983,27.547,-2.57,4.5385,0,7,1400.248,37.64,15.85358,55,2096,96.6186,2.954846,4.235658,2.519337,24.97262,35.27697,0.4419889,4.381161,6.188941,2.077348,20.59146,29.08802,0
GUATEMALA84,12,1984,28.1531,0.5,3.4068,0,6,1378.468,37.72,15.85647,54.7,2144,96.9582,2.971852,4.272953,2.5132,25.53648,34.64365,0.4329461,4.399142,5.968024,2.080253,21.13734,28.67563,0
GUATEMALA85,12,1985,24.9322,-0.61,18.6868,0,6,1331.093,37.8,15.83787,55,2264,97.2989,2.988857,3.728399,2.030411,23.2582,27.02666,0.3488372,3.995902,4.643348,1.681574,19.26229,22.38332,0
GUATEMALA86,12,1986,30.644,0.14,36.9311,5,1,1297.97,37.86,15.91388,95,2493,97.1458,3.023933,5.200197,2.411921,29.29448,31.30601,0.3851496,4.677914,4.999126,2.026771,24.61656,26.30688,0
GUATEMALA87,12,1987,38.143,3.54,12.3232,5,1,1315.096,37.92,15.68125,96,2677,96.993,3.059007,6.398184,3.495003,35.69781,45.96265,0.3895884,3.979239,5.123461,3.105415,31.71857,40.83918,0
GUATEMALA88,12,1988,38.0399,3.89,10.8326,5,1,1331.004,37.98,15.42572,97,2719,96.8403,3.094079,6.299229,3.465563,33.34895,46.12679,0.0486736,0.4683841,0.6478482,3.41689,32.88056,45.47894,0
GUATEMALA89,12,1989,39.7815,3.94,11.3872,5,1,1345.938,38.04,15.18129,98,2770,96.6878,3.129149,6.37247,4.05742,39.25653,54.61036,0.6079797,5.882353,8.18303,3.44944,33.37418,46.42733,0
GUATEMALA90,12,1990,45.8695,3.1,41.2218,4,2,1360.155,38.1,15.05099,98.2,2875,96.5355,3.164217,7.576086,2.975202,33.42062,40.46736,0.5216073,5.859247,7.094668,2.453594,27.56137,33.37269,0
GUATEMALA91,12,1991,39.5203,3.66,33.166,4,2,1370.561,38.2,14.86376,97,3068,95.9997,3.202138,6.64641,2.784237,37.4254,38.15967,0.4672107,6.280193,6.403408,2.317027,31.14521,31.75627,0
GUATEMALA92,12,1992,45.3623,4.84,10.0461,4,2,1400.302,38.3,14.6426,96,3174,95.4668,3.240065,6.396848,3.102714,32.99192,43.44736,0.5390386,5.731731,7.548168,2.563675,27.26019,35.89919,0
GUATEMALA93,12,1993,44.1726,3.93,11.8197,6,1,1416.469,38.4,14.49709,95,3281,94.9368,3.277998,6.421498,3.139642,35.69912,44.47205,0.5027785,5.716814,7.121702,2.636863,29.9823,37.35035,0
GUATEMALA94,12,1994,42.51,4.03,10.8553,6,1,1440.992,38.5,14.34612,95,3444,94.4096,3.315937,6.063128,3.092314,38.58623,44.56,0.4620391,5.765374,6.657947,2.630275,32.82085,37.90205,0
GUATEMALA95,12,1995,44.6895,4.95,8.4116,6,1,1473.536,38.6,14.11392,94.8,3482,93.8865,3.353772,5.810342,3.710793,46.72483,54.67987,0.5530961,6.964365,8.150069,3.157697,39.76046,46.5298,0
GUATEMALA96,12,1996,40.3929,2.96,11.0571,6,1,1474.15,38.82,13.96891,94.8,3500,92.1621,3.358639,5.608065,3.771925,47.16512,55.60384,0.5623331,7.031557,8.289634,3.209592,40.13356,47.3142,0
GUATEMALA97,12,1997,41.5262,4.27,9.2329,6,1,1492.574,39.04,13.74618,94.8,3505,90.4681,3.363528,5.265519,4.025353,44.8251,60.08137,0.6023203,6.707254,8.990076,3.423033,38.11784,51.0913,0
PARAGUAY73,14,1973,29.2338,7.19,12.5374,0,8,1189.754,38.24,15.97136,47,1232,97.4544,5.32052,1609.52,3.649123,35.30047,43.41558,1.813397,17.54224,21.57497,1.835726,17.75823,21.84062,0
PARAGUAY74,14,1974,33.2857,8.24,25.199,0,8,1252.731,38.62,18.0564,48,1296,96.1848,5.195749,1427.445,3.334524,35.06071,41.77261,1.720238,18.08737,21.54996,1.614286,16.97334,20.22266,0
PARAGUAY75,14,1975,31.8769,6.32,6.7797,0,8,1297.48,39,15.62653,50.3,1364,94.9308,5.070954,1458.836,3.84979,35.33211,49.95025,2.058824,18.89521,26.71282,1.790966,16.4369,23.23743,0
PARAGUAY76,14,1976,32.6988,7.02,4.5635,0,8,1347.064,39.54,15.98597,50.3,1554,93.411,4.961398,1475.558,3.809435,32.87782,51.31553,2.065857,17.82965,27.82842,1.743578,15.04817,23.48711,0
PARAGUAY77,14,1977,41.8953,10.93,9.2978,0,8,1446.349,40.08,17.06068,50.3,1787,91.9152,4.851845,1437.82,3.681335,34.18827,53.24496,1.883915,17.49577,27.24799,1.79742,16.6925,25.99697,0
PARAGUAY78,14,1978,40.5348,11.35,10.5903,0,8,1560.484,40.62,16.87191,50.3,2167,90.4426,4.742297,1398.823,3.723721,32.66689,58.10807,1.845891,16.19335,28.80484,1.877829,16.47353,29.30323,0
PARAGUAY79,14,1979,37.6143,11.36,28.2577,0,8,1683.016,41.16,16.16902,61,2660,88.9929,4.632754,1214.42,3.735424,36.51039,62.86778,2.018351,19.72755,33.96917,1.717073,16.78284,28.89862,0
PARAGUAY80,14,1980,44.0134,14.82,22.4188,0,8,1872.19,41.7,16.00515,61.1,2975,87.5655,4.523215,1125.925,3.28546,33.47026,61.51004,1.614987,16.4525,30.23562,1.670473,17.01776,31.27442,0
PARAGUAY81,14,1981,34.6753,8.54,13.9732,0,8,1969.209,42.36,16.2633,61.1,2810,87.2294,4.426854,1089.796,3.767885,36.37218,74.19753,2.030902,19.60472,39.9927,1.736983,16.76746,34.20483,0
PARAGUAY82,14,1982,31.8909,-3.72,6.7693,0,8,1843.176,43.02,16.41346,61.1,2668,86.8945,4.330511,1083.582,5.335278,46.68954,98.33856,3.488467,30.52792,64.29858,1.846811,16.16163,34.03999,0
PARAGUAY83,14,1983,26.6471,-3.02,13.4337,0,8,1738.184,43.68,14.83011,61.1,2795,86.5607,4.234186,985.9417,5.560513,53.86219,96.65195,3.674328,35.59155,63.86657,1.886186,18.27063,32.78538,0
PARAGUAY84,14,1984,37.953,3.08,20.3116,0,8,1739.483,44.34,14.30069,62,2987,86.228,4.13788,1363.722,5.060912,49.07507,88.0337,3.278214,31.78845,57.02397,1.782698,17.28661,31.00973,0
PARAGUAY85,14,1985,48.4221,3.98,25.2107,0,8,1753.948,45,14.20408,62,3133,85.8965,4.041592,1720.885,4.131143,48.05194,72.45809,2.645168,30.76763,46.39488,1.485975,17.28431,26.06322,0
PARAGUAY86,14,1986,58.4578,0,31.7425,0,8,1700.351,45.74,14.17729,62,3469,85.5239,3.967364,1471.534,3.586214,47.44912,60.97823,2.364925,31.29027,40.21203,1.221289,16.15885,20.7662,0
PARAGUAY87,14,1987,61.2762,4.33,21.8102,0,8,1718.115,46.48,14.11829,62,3755,85.1529,3.89311,2030.504,3.463426,42.20207,59.50565,2.169674,26.43762,37.2775,1.293752,15.76445,22.22815,0
PARAGUAY88,14,1988,71.3379,6.35,22.5945,0,8,1770.782,47.22,13.86621,62,3822,84.7834,3.818829,1724.805,,,,,,,,,,0
PARAGUAY89,14,1989,67.7337,5.8,26.422,6,1,1816.351,47.96,14.51549,77,3876,84.4154,3.744522,2746.277,2.726326,33.86514,49.51964,1.210854,15.04066,21.99336,1.515472,18.82448,27.52629,0
PARAGUAY90,14,1990,72.7402,3.09,38.1782,6,1,1815.596,48.7,16.77798,77.4,4099,84.0489,3.67019,2439.174,2.670657,31.54514,48.48833,1.093877,12.92061,19.86039,1.576779,18.62453,28.62794,0
PARAGUAY91,14,1991,45.2132,2.47,24.225,6,1,1806.379,49.44,16.46865,77,4155,83.7051,3.644091,2204.817,4.178292,37.95647,75.47578,1.722551,15.64801,31.1158,2.455741,22.30846,44.35999,0
PARAGUAY92,14,1992,39.92,1.8,15.1934,6,1,1787.332,50.18,16.47846,76,4265,83.3626,3.617993,2232.123,5.120124,40.6396,91.51363,2.189829,17.38118,39.13952,2.930295,23.25843,52.3741,0
PARAGUAY93,14,1993,44.1639,4.15,18.2084,7,0,1811.634,50.92,15.99475,76,4371,83.0213,3.591894,2261.235,5.934663,48.57281,107.5144,2.112636,17.29107,38.27324,3.822027,31.28174,69.24114,0
PARAGUAY94,14,1994,44.6702,3.09,20.5663,7,0,1820.925,51.66,15.21282,76,4599,82.6812,3.565794,2107.911,,,,,,,,,,0
PARAGUAY95,14,1995,47.7767,4.71,13.3978,7,0,1859.983,52.4,15.13494,75.9,4568,82.343,3.540209,1970.4,,,,,,,,,,0
PARAGUAY96,14,1996,46.492,1.27,9.8051,7,0,1836.529,53.12,14.87216,75.9,4516,80.6012,3.508128,1934.057,,,,,,,,,,0
PARAGUAY97,14,1997,46.2052,3.5,6.9882,7,0,1850.541,53.84,14.73948,,4288,78.8924,3.476051,1964.186,,,,,,,,,,0
PERU73,16,1973,29.4686,5.37,9.4889,0,7,2655.413,59.86,20.6422,40,1817,88.8563,3.501522,5.152689,5.289532,33.33333,140.4589,0,0,0,5.289532,33.33333,140.4589,1
PERU74,16,1974,36.59,9.25,16.8917,0,7,2821.627,60.68,21.66252,35,1926,88.36,3.514505,4.894554,4.916201,30.98592,138.7169,0,0,0,4.916201,30.98592,138.7169,1
PERU75,16,1975,32.782,3.41,23.6189,0,7,2838.465,61.5,20.03306,34,1937,87.8662,3.527489,4.507344,4.907307,28.125,139.2922,0,0,0,4.907307,28.125,139.2922,1
PERU76,16,1976,32.3059,1.96,33.4832,0,7,2815.854,62.12,21.67657,32,2094,87,3.545476,4.932275,4.970569,28.14815,139.964,0,0,0,4.970569,28.14815,139.964,0
PERU77,16,1977,38.6421,0.4,38.0544,0,7,2751.157,62.74,20.84347,30,2073,86.1417,3.563463,5.748566,4.63138,28.48837,127.4165,0,0,0,4.63138,28.48837,127.4165,0
PERU78,16,1978,40.768,0.3,57.8485,0,7,2686.432,63.36,22.76337,27,2397,85.2911,3.581451,7.272713,3.873659,28.26087,104.0632,0.0595948,0.4347826,1.600973,3.814064,27.82609,102.4622,0
PERU79,16,1979,46.8195,5.79,66.6942,0,7,2768.229,63.98,23.4893,24,2685,84.4483,3.599439,6.982478,2.808023,26.55827,77.73251,0.0286533,0.2710027,0.7931889,2.77937,26.28726,76.93932,0
PERU80,16,1980,41.8231,3.07,59.1452,7,0,2780.948,64.6,20.2138,21.6,2981,83.613,3.617428,6.400981,4.109817,25.756,114.2919,0.0166389,0.1042753,0.4627201,4.093178,25.65172,113.8292,0
PERU81,16,1981,35.7929,7.2,75.4333,7,0,2907.741,65.06,36.06984,31,2931,82.5199,3.64144,5.884792,4.354839,29.5557,126.6274,0.028463,0.1931745,0.8276303,4.326375,29.36252,125.7998,0
PERU82,16,1982,36.0675,-0.41,64.4487,7,0,2826.248,65.52,36.21422,31,2524,81.4398,3.665452,6.274971,3.818602,26.50361,107.9232,0.023108,0.1603849,0.6530902,3.795494,26.34322,107.2701,0
PERU83,16,1983,39.204,-12.58,111.1499,7,0,2413.176,65.98,36.22815,31,2689,80.3725,3.689464,7.161227,4.050064,27.00621,97.73518,0.0288832,0.1925958,0.6970021,4.021181,26.81361,97.03818,0
PERU84,16,1984,34.7552,4.11,110.2084,7,0,2455.505,66.44,36.23005,31.1,2838,79.3178,3.713477,7.564973,4.023256,28.81532,98.79124,0.0363372,0.260254,0.8922619,3.986919,28.55507,97.89899,0
PERU85,16,1985,39.4243,2.26,163.3997,7,0,2455.833,66.9,36.23031,31.1,3280,78.2755,3.73749,9.41573,3.823123,29.80097,93.88953,0.0212337,0.165515,0.5214636,3.80189,29.63545,93.36806,0
PERU86,16,1986,29.2685,9.23,77.9211,7,0,2625.416,67.3,23.69321,31.1,3788,77.2211,3.783322,6.850488,4.506188,32.404,118.3062,0.0139063,0.1,0.3650975,4.492282,32.304,117.9411,1
PERU87,16,1987,23.6863,8.48,85.8224,7,0,2789.169,67.7,28.82469,31.1,3613,76.1785,3.829149,4.612421,,,,,,,,,,1
PERU88,16,1988,29.7822,-8.36,667.0182,7,0,2504.837,68.1,28.82469,31.1,3435,75.1476,3.874972,4.792015,,,,,,,,,,1
PERU89,16,1989,24.6428,-11.65,3398.678,7,0,2170.151,68.5,25.26991,31.1,2814,74.1281,3.92079,2.971105,,,,,,,,,,1
PERU90,16,1990,23.5628,-5.4,7481.673,7,0,2014.427,68.9,26.96489,63.1,3576,73.1199,3.966604,2.910785,,,,,,,,,,1
PERU91,16,1991,21.7531,6.97,409.53,8,0,2115.323,69.3,24.07504,85,3285,71.9571,4.044506,2.447635,,,,,,,,,,0
PERU92,16,1992,23.8175,-1.76,73.5284,2,5,2041.172,69.7,22.8616,90,3527,70.8098,4.122408,2.343249,,,,,,,,,,0
PERU93,16,1993,24.1105,6.42,48.5796,2,5,2134.785,70.1,22.15284,90,4000,69.6778,4.200311,2.592355,,,,,,,,,,0
PERU94,16,1994,25.5306,13.12,23.7374,2,4,2374.419,70.5,23.10081,90,4330,68.5607,4.278213,2.372051,,,,,,,,,,0
PERU95,16,1995,27.7978,7.46,11.1285,,,2510.038,70.9,23.09882,91.2,4369,67.4542,4.357243,2.253333,,,,,,,,,,0
PERU96,16,1996,28.2845,2.49,11.5381,,,2528.063,71.28,23.20424,91.2,4516,66.547,4.394258,2.264499,,,,,,,,,,0
PERU97,16,1997,29.4429,7.21,8.5623,,,2663.242,71.66,22.88722,91.2,4282,65.6496,4.431271,2.317131,,,,,,,,,,0
VENEZUELA73,17,1973,41.8497,7.11,4.1263,9,0,4285.371,74.12,16.06936,89,2851,89.7317,3.060735,128.5038,7.214188,37.55415,309.1547,1.272851,6.62595,54.5464,5.941337,30.9282,254.6083,0
VENEZUELA74,17,1974,55.4002,2.1,8.2874,9,0,4224.924,74.96,18.1677,89,2891,88.2203,3.103652,131.1686,5.864528,29.07259,247.7718,0.9581105,4.749702,40.47944,4.906417,24.32289,207.2924,1
VENEZUELA75,17,1975,50.7549,2.87,10.2443,9,0,4195.875,75.8,15.67218,88.7,3048,86.7326,3.14657,129.8402,7.460627,32.28773,313.0386,1.348857,5.837517,56.59635,6.11177,26.45022,256.4422,1
VENEZUELA76,17,1976,50.8706,7.73,7.6018,9,0,4362.855,76.52,16.35572,87,3236,84.9866,3.165476,127.7661,7.566247,31.91283,330.1044,1.413768,5.962974,61.68063,6.15248,25.94986,268.4238,1
VENEZUELA77,17,1977,53.2481,6.25,7.8026,9,0,4472.492,77.24,15.28222,86,3463,83.2731,3.184382,126.3021,7.786769,29.38867,348.2627,1.348748,5.090415,60.32263,6.438022,24.29825,287.94,1
VENEZUELA78,17,1978,51.9884,2.37,7.1146,9,0,4420.474,77.96,14.88124,84,3789,81.5911,3.203287,126.8636,7.843288,29.93094,346.7105,1.463631,5.585394,64.69943,6.379657,24.34555,282.0111,1
VENEZUELA79,17,1979,50.6063,0.81,12.3541,9,0,4311.125,78.68,16.25556,82,3914,79.9399,3.222192,125.7289,6.885412,35.04288,296.8387,1.11844,5.692232,48.21735,5.766972,29.35065,248.6214,0
VENEZUELA80,17,1980,50.6044,-4.48,21.5419,9,0,3994.431,79.4,16.01746,79.8,4025,78.3184,3.241096,117.4093,7.880016,38.88231,314.7618,1.281275,6.322185,51.17963,6.598741,32.56013,263.5822,0
VENEZUELA81,17,1981,48.7608,-0.32,16.0501,9,0,3870.792,79.9,14.89997,80,3880,77.4939,3.275218,111.6077,8.973702,32.48214,347.3534,1.395161,5.050069,54.00379,7.578541,27.43207,293.3496,0
VENEZUELA82,17,1982,46.943,-2.09,9.6599,9,0,3690.627,80.4,15.90241,80,3677,76.6768,3.309348,108.0455,8.746996,32.52116,322.819,2.00206,7.443618,73.88856,6.744936,25.07754,248.9305,0
VENEZUELA83,17,1983,30.7075,-3.74,6.3383,9,0,3464.646,80.9,16.33238,78,3613,75.8671,3.343484,104.9912,8.955594,38.64298,310.2796,1.76833,7.630266,61.26639,7.187263,31.01271,249.0132,0
VENEZUELA84,17,1984,44.0238,1.4,11.5733,9,0,3429.899,81.4,21.40476,78,3879,75.0647,3.377628,160.2941,6.96895,38.98001,239.028,1.307787,7.314955,44.85577,5.661163,31.66506,194.1722,1
VENEZUELA85,17,1985,40.779,0.21,11.3819,9,0,3357.776,81.9,21.90661,78,4313,74.2695,3.411779,159.2865,7.246548,38.71148,243.3228,1.200668,6.414039,40.31574,6.04588,32.29744,203.0071,1
VENEZUELA86,17,1986,40.2985,6.53,11.5434,9,0,3494.611,82.32,23.26723,78,4703,73.7833,3.459769,156.7699,7.800244,40.92916,272.5882,1.477952,7.755054,51.64866,6.322292,33.1741,220.9395,1
VENEZUELA87,17,1987,43.7249,3.55,28.1355,9,0,3533.02,82.74,20.57726,78,5179,73.2998,3.507759,227.4776,,,,,,,,,,1
VENEZUELA88,17,1988,47.9272,5.84,29.469,9,0,3646.38,83.16,20.54512,78,4677,72.8189,3.555749,182.9701,,,,,,,,,,1
VENEZUELA89,17,1989,55.2105,-8.59,84.4631,9,0,3244.188,83.58,20.80906,78,5019,72.3407,3.60374,248.6778,,,,,,,,,,1
VENEZUELA90,17,1990,59.6314,6.48,40.6557,9,0,3353.159,84,20.49144,78.1,5507,71.8652,3.651732,252.0071,,,,,,,,,,1
VENEZUELA91,17,1991,57.5897,9.74,34.205,8,0,3593.254,84.3,19.5917,85,5922,70.9775,3.734745,237.0491,,,,,,,,,,1
VENEZUELA92,17,1992,55.2517,6.06,31.4228,8,0,3723.505,84.6,18.70765,90,5934,70.0991,3.817762,223.6059,,,,,,,,,,1
VENEZUELA93,17,1993,54.1254,0.25,38.122,9,0,3649.143,84.9,17.62009,91,5749,69.2296,3.900784,221.481,,,,,,,,,,0
VENEZUELA94,17,1994,53.1765,-2.35,60.8208,8,0,3485.641,85.2,17.1221,92,5980,68.3689,3.98381,230.9393,,,,,,,,,,0
VENEZUELA95,17,1995,48.0861,3.69,59.919,8,0,3536.926,85.5,17.11191,92.8,5811,67.5169,4.066997,176.8425,,,,,,,,,,0
VENEZUELA96,17,1996,57.9211,-0.46,99.8774,8,0,3446.961,85.78,17.72407,92.8,6112,66.4435,4.128968,214.9598,,,,,,,,,,0
VENEZUELA97,17,1997,49.6421,5.12,50.0391,8,0,3549.313,86.06,16.1165,92.8,5808,65.3839,4.190946,171.596,,,,,,,,,,0
